{"NB": {"F1": 0.47014416139700704, "Val Acc": 0.5188}, "LR": {"F1": 0.4761802655757706, "Val Acc": 0.503225}, "SVM": {"F1": 0.5131819049474287, "Val Acc": 0.54285}}