{"LR": {"F1": 0.4761802655757706, "Val Acc": 0.503225}}
