{"LR": {"F1": 0.5781321808415699, "Val Acc": 0.6907654921020656}}
