{"NB": {"F1": 0.48199705726025466, "Val Acc": 0.6670716889428918}, "LR": {"F1": 0.5781321808415699, "Val Acc": 0.6907654921020656}, "SVM": {"F1": 0.5874028949464528, "Val Acc": 0.7339003645200486}}
