{"NB": {"F1": 0.9821190745484847, "Val Acc": 0.9877605028117764, "Error": 0.01223949718822362}, "LR": {"F1": 0.9915851869827594, "Val Acc": 0.9942661814974088, "Error": 0.0057338185025912446}, "SVM": {"F1": 0.9966085180121762, "Val Acc": 0.9976844194508766, "Error": 0.002315580549123387}}