{"LR": {"F1": 0.9915851869827594, "Val Acc": 0.9942661814974088, "Error": 0.0057338185025912446}}
