{"NB": {"F1": 0.9821190745484847, "Val Acc": 0.9877605028117764}, "LR": {"F1": 0.9902692436998835, "Val Acc": 0.9933840555739332}, "SVM": {"F1": 0.994986223836815, "Val Acc": 0.9965817620465321}}
